game_id,filename,models,winner,rounds,max_rounds,max_score,sum_scores,total_cost,duration_seconds
0034f16a-9f68-4679-9c44-236a74e70a44,snake_game_0034f16a-9f68-4679-9c44-236a74e70a44.json,mistralai/devstral-2512:free; nvidia/nemotron-3-nano-30b-a3b:free,None,30,150,9,17,0.0000,461.5
04476f35-5f73-4bc0-b9b4-19c78a1b281d,snake_game_04476f35-5f73-4bc0-b9b4-19c78a1b281d.json,x-ai/grok-4-fast; minimax/minimax-m2.1,None,14,150,3,6,0.1079,433.1
06f5d4a8-0b5f-459b-8156-b69f890f27a6,snake_game_06f5d4a8-0b5f-459b-8156-b69f890f27a6.json,qwen/qwen3-coder:free; z-ai/glm-4.6v,None,4,150,1,1,0.0059,238.9
0845fc5d-1090-4e17-898e-bb406fa91e09,snake_game_0845fc5d-1090-4e17-898e-bb406fa91e09.json,mistralai/devstral-2512:free; kwaipilot/kat-coder-pro:free,None,20,150,4,8,0.0000,820.8
09065bb4-3ba5-411f-a588-f635cb6ae627,snake_game_09065bb4-3ba5-411f-a588-f635cb6ae627.json,nvidia/nemotron-3-nano-30b-a3b:free; openai/gpt-5-nano,None,60,150,16,30,0.1197,3086.4
0a150f11-0658-4b20-bfa8-338606ac1eca,snake_game_0a150f11-0658-4b20-bfa8-338606ac1eca.json,deepseek/deepseek-v3.1-terminus; x-ai/grok-4-fast,None,70,150,16,32,0.0728,2414.9
0a507a12-b542-4fae-aed8-426704664daa,snake_game_0a507a12-b542-4fae-aed8-426704664daa.json,nvidia/nemotron-3-nano-30b-a3b:free; deepseek/deepseek-v3.2,None,18,150,4,8,0.0805,618.3
0cf2ea15-a609-4aff-8c9e-348318bac1d6,snake_game_0cf2ea15-a609-4aff-8c9e-348318bac1d6.json,kwaipilot/kat-coder-pro:free; mistralai/devstral-2512:free,None,15,150,3,5,0.0000,119.9
0cfe0791-8b67-4398-977b-256270eba4a6,snake_game_0cfe0791-8b67-4398-977b-256270eba4a6.json,anthropic/claude-haiku-4.5; nvidia/nemotron-3-nano-30b-a3b:free,None,74,150,20,38,0.3753,1643.1
0d1b9d93-4fe0-41b0-8f35-7df017a7169f,snake_game_0d1b9d93-4fe0-41b0-8f35-7df017a7169f.json,mistralai/devstral-2512:free; nvidia/nemotron-3-nano-30b-a3b:free,None,33,150,8,14,0.0000,715.1
0ebc13d5-8c34-4183-b5f2-62f87321626c,snake_game_0ebc13d5-8c34-4183-b5f2-62f87321626c.json,kwaipilot/kat-coder-pro:free; nvidia/nemotron-3-nano-30b-a3b:free,None,25,150,6,10,0.0000,399.0
0fb1a33d-e08a-404f-8fe5-ff88e88814e0,snake_game_0fb1a33d-e08a-404f-8fe5-ff88e88814e0.json,google/gemini-3-flash-preview; mistralai/ministral-14b-2512,None,31,150,7,14,0.0969,310.2
112abff7-aff1-4c70-971f-3d0891e79f8a,snake_game_112abff7-aff1-4c70-971f-3d0891e79f8a.json,google/gemini-3-flash-preview; deepseek/deepseek-v3.2,None,78,150,16,28,0.2526,2229.9
1433cc30-9d96-4de3-ad0b-e1edcc2588ca,snake_game_1433cc30-9d96-4de3-ad0b-e1edcc2588ca.json,deepseek/deepseek-chat-v3.1; openai/gpt-5.1-codex-mini,None,9,150,2,3,0.0300,272.0
14d9d3d9-e770-4286-80ab-e6d5154474f5,snake_game_14d9d3d9-e770-4286-80ab-e6d5154474f5.json,nvidia/nemotron-nano-12b-v2-vl; x-ai/grok-code-fast-1,None,30,150,8,13,0.1444,2073.9
16b27213-585a-477a-aa0b-0b9a2a7c7a3e,snake_game_16b27213-585a-477a-aa0b-0b9a2a7c7a3e.json,google/gemini-3-flash-preview; x-ai/grok-4-fast,None,27,150,9,15,0.0599,524.3
17679c52-e5e5-478c-b71b-c10386f4dffa,snake_game_17679c52-e5e5-478c-b71b-c10386f4dffa.json,anthropic/claude-haiku-4.5; deepseek/deepseek-v3.2-exp,None,62,150,17,32,0.3341,1870.1
17b4cccc-e0b2-44a7-bc65-d69a13221993,snake_game_17b4cccc-e0b2-44a7-bc65-d69a13221993.json,google/gemini-2.5-flash-preview-09-2025; deepseek/deepseek-v3.2-exp,None,58,150,18,29,0.7014,3630.3
17cad09a-21b6-4a72-8acc-ddacdbf05018,snake_game_17cad09a-21b6-4a72-8acc-ddacdbf05018.json,google/gemini-3-flash-preview; xiaomi/mimo-v2-flash:free,None,15,150,5,7,0.0323,250.8
1a1bfb66-0492-4bb8-a01e-3bca0f4a7389,snake_game_1a1bfb66-0492-4bb8-a01e-3bca0f4a7389.json,z-ai/glm-4.6v; deepseek/deepseek-v3.1-terminus,None,22,150,5,10,0.0524,751.7
1b274b12-d04b-4492-b8db-ef2202b5a44a,snake_game_1b274b12-d04b-4492-b8db-ef2202b5a44a.json,nvidia/nemotron-nano-12b-v2-vl; openai/gpt-5-nano,None,29,150,6,11,0.0510,1812.4
1c77a176-a8bc-47ac-a76c-265acc369d32,snake_game_1c77a176-a8bc-47ac-a76c-265acc369d32.json,x-ai/grok-code-fast-1; google/gemini-3-flash-preview,None,56,150,14,25,0.4347,1473.9
1ca89a8d-4ea8-470c-9b76-057cf4986e22,snake_game_1ca89a8d-4ea8-470c-9b76-057cf4986e22.json,xiaomi/mimo-v2-flash:free; nvidia/nemotron-3-nano-30b-a3b:free,None,39,150,10,18,0.0000,1079.5
21682b94-23d6-4a37-8a14-f3c866d318b7,snake_game_21682b94-23d6-4a37-8a14-f3c866d318b7.json,mistralai/devstral-2512:free; allenai/olmo-3-32b-think:free,None,51,150,14,25,0.0000,6854.8
2209c481-a8ee-4b47-a053-8766d2f996f7,snake_game_2209c481-a8ee-4b47-a053-8766d2f996f7.json,nvidia/nemotron-3-nano-30b-a3b:free; xiaomi/mimo-v2-flash:free,None,73,150,19,33,0.0000,1394.3
228dc6dc-2bd2-4bad-a2a9-38a64b6d9bb4,snake_game_228dc6dc-2bd2-4bad-a2a9-38a64b6d9bb4.json,z-ai/glm-4.6v; qwen/qwen3-coder:free,None,30,150,9,11,0.0421,771.5
22ea9595-0b93-4758-b0cd-259cb222ed99,snake_game_22ea9595-0b93-4758-b0cd-259cb222ed99.json,xiaomi/mimo-v2-flash:free; nvidia/nemotron-3-nano-30b-a3b:free,None,36,150,12,19,0.0000,1427.3
230d5411-b1e4-415a-b1d7-6dd7e00eb3fb,snake_game_230d5411-b1e4-415a-b1d7-6dd7e00eb3fb.json,kwaipilot/kat-coder-pro:free; xiaomi/mimo-v2-flash:free,None,70,150,14,24,0.0000,971.0
25d26df9-4ea2-4654-adf5-fb24c1036dc3,snake_game_25d26df9-4ea2-4654-adf5-fb24c1036dc3.json,mistralai/devstral-2512:free; nvidia/nemotron-3-nano-30b-a3b:free,None,51,150,12,23,0.0000,889.9
27763845-b2af-433d-8a29-3ff8c3d8c3ed,snake_game_27763845-b2af-433d-8a29-3ff8c3d8c3ed.json,kwaipilot/kat-coder-pro:free; mistralai/devstral-2512:free,None,22,150,5,9,0.0000,269.5
2798f32d-d637-46fa-9cb0-b605c79e9e4d,snake_game_2798f32d-d637-46fa-9cb0-b605c79e9e4d.json,nvidia/nemotron-nano-12b-v2-vl; x-ai/grok-4-fast,None,13,150,2,3,0.0000,1116.8
2804f466-c97f-4535-9a15-aded0c6b07f5,snake_game_2804f466-c97f-4535-9a15-aded0c6b07f5.json,x-ai/grok-code-fast-1; qwen/qwen3-coder:free,None,23,150,7,8,0.1203,718.4
282966eb-e25a-49e0-be2e-803b14aa449e,snake_game_282966eb-e25a-49e0-be2e-803b14aa449e.json,google/gemini-3-flash-preview; mistralai/devstral-2512:free,None,37,150,10,20,0.0843,190.0
282a4757-2c3e-4c63-8cca-60782dad013e,snake_game_282a4757-2c3e-4c63-8cca-60782dad013e.json,allenai/olmo-3-32b-think:free; mistralai/devstral-2512:free,None,5,150,2,4,0.0000,677.5
28ec831c-88b0-4507-b3f3-2d950dc57615,snake_game_28ec831c-88b0-4507-b3f3-2d950dc57615.json,z-ai/glm-4.7; bytedance-seed/seed-1.6-flash,None,15,150,5,10,0.1883,1221.0
2c818af8-d140-40a9-beca-a474d36e3f2f,snake_game_2c818af8-d140-40a9-beca-a474d36e3f2f.json,openai/gpt-4.1-nano; openai/gpt-5-mini,None,19,150,3,5,0.0794,619.1
2d061284-49be-44b3-84f1-38339c1f9211,snake_game_2d061284-49be-44b3-84f1-38339c1f9211.json,x-ai/grok-4.1-fast; z-ai/glm-4.7,None,94,150,24,45,1.7031,12792.2
2d4b1f26-1484-495e-b0b6-59e80311dc28,snake_game_2d4b1f26-1484-495e-b0b6-59e80311dc28.json,deepseek/deepseek-v3.1-terminus; deepseek/deepseek-v3.2-exp,None,25,150,6,10,0.0227,1873.5
2ea22bb0-ec8d-4fcc-a7c0-3f4c4096f865,snake_game_2ea22bb0-ec8d-4fcc-a7c0-3f4c4096f865.json,mistralai/devstral-2512:free; xiaomi/mimo-v2-flash:free,None,26,150,8,13,0.0000,205.3
2eb3e602-3de9-4a61-a211-d47e2771a865,snake_game_2eb3e602-3de9-4a61-a211-d47e2771a865.json,nvidia/nemotron-3-nano-30b-a3b:free; deepseek/deepseek-v3.2,None,3,150,1,2,0.0106,121.1
314c5ad7-aa6b-426e-9030-6e944118abde,snake_game_314c5ad7-aa6b-426e-9030-6e944118abde.json,qwen/qwen3-coder:free; z-ai/glm-4.6v,None,3,150,1,1,0.0042,83.0
319edee1-43be-4cbb-9ea8-d2d5d7ade2af,snake_game_319edee1-43be-4cbb-9ea8-d2d5d7ade2af.json,openai/gpt-4.1-nano; openai/gpt-5-nano,None,8,150,2,3,0.0122,245.1
31cbf380-f7ce-4f41-a25e-f654527a145f,snake_game_31cbf380-f7ce-4f41-a25e-f654527a145f.json,xiaomi/mimo-v2-flash:free; nvidia/nemotron-3-nano-30b-a3b:free,None,11,150,2,3,0.0000,136.7
32ff9d5c-e4f6-464d-bdd3-9587e8f3fa97,snake_game_32ff9d5c-e4f6-464d-bdd3-9587e8f3fa97.json,nvidia/nemotron-3-nano-30b-a3b:free; mistralai/devstral-2512:free,None,36,150,10,18,0.0000,887.4
347a57ed-20d1-4d28-89fe-f98609c10a45,snake_game_347a57ed-20d1-4d28-89fe-f98609c10a45.json,qwen/qwen3-coder:free; x-ai/grok-code-fast-1,None,6,150,1,1,0.0168,109.4
3577fa09-0880-4e2e-bddc-e2a0697633d4,snake_game_3577fa09-0880-4e2e-bddc-e2a0697633d4.json,z-ai/glm-4.6v; qwen/qwen3-coder:free,None,7,150,1,1,0.0112,155.0
3994dd14-aef5-4ddb-bec1-8a6a9805401e,snake_game_3994dd14-aef5-4ddb-bec1-8a6a9805401e.json,google/gemini-2.5-flash-lite-preview-09-2025; google/gemini-3-flash-preview,None,10,150,4,6,0.0388,83.6
3d151b1d-a506-4ac0-beb3-1e18c2bf10f0,snake_game_3d151b1d-a506-4ac0-beb3-1e18c2bf10f0.json,xiaomi/mimo-v2-flash:free; mistralai/devstral-2512:free,None,14,150,5,7,0.0000,175.0
3d8e826e-0a99-4533-a058-98b7c2a06a1f,snake_game_3d8e826e-0a99-4533-a058-98b7c2a06a1f.json,xiaomi/mimo-v2-flash:free; mistralai/devstral-2512:free,None,13,150,3,4,0.0000,188.6
3eb07e57-a96f-43e6-9a23-fac857dcbc30,snake_game_3eb07e57-a96f-43e6-9a23-fac857dcbc30.json,google/gemini-2.5-flash-preview-09-2025; deepseek/deepseek-v3.1-terminus,None,45,150,13,24,0.6363,710.5
3efb9d84-30ef-4356-b290-4fb269fcc74d,snake_game_3efb9d84-30ef-4356-b290-4fb269fcc74d.json,openai/gpt-5.1-codex-mini; openai/gpt-5-nano,None,45,150,11,21,0.1852,1529.9
40481c02-f7b7-459b-aec0-42947b99fd6d,snake_game_40481c02-f7b7-459b-aec0-42947b99fd6d.json,x-ai/grok-4-fast; google/gemini-3-flash-preview,None,81,150,18,34,0.2020,2133.3
4060f9da-6054-466a-98f3-d932beee1e35,snake_game_4060f9da-6054-466a-98f3-d932beee1e35.json,nvidia/nemotron-nano-12b-v2-vl; x-ai/grok-4-fast,None,16,150,4,7,0.0000,1405.0
42293492-36cf-402b-9b34-4d2672bb3d30,snake_game_42293492-36cf-402b-9b34-4d2672bb3d30.json,bytedance-seed/seed-1.6-flash; x-ai/grok-4.1-fast,None,8,150,2,2,0.0465,418.2
42854be2-c157-45ad-8202-9f6a5000f961,snake_game_42854be2-c157-45ad-8202-9f6a5000f961.json,google/gemini-3-flash-preview; openai/gpt-5-mini,None,70,150,21,33,0.4148,1970.7
42b7fea6-1838-4c0e-9f9f-bdaf8f834868,snake_game_42b7fea6-1838-4c0e-9f9f-bdaf8f834868.json,deepseek/deepseek-v3.1-terminus; deepseek/deepseek-v3.2-exp,None,19,150,4,6,0.0672,1350.6
435c2825-4b17-40b1-aa7a-9841b2d79882,snake_game_435c2825-4b17-40b1-aa7a-9841b2d79882.json,allenai/olmo-3-32b-think:free; mistralai/devstral-2512:free,None,24,150,8,13,0.0000,3230.4
43ec3583-72a8-4000-ae88-a7da62d29ba4,snake_game_43ec3583-72a8-4000-ae88-a7da62d29ba4.json,google/gemini-3-flash-preview; x-ai/grok-4-fast,None,53,150,13,24,0.1341,1659.4
458c8e80-3069-48ab-bb3d-8d291b88c58a,snake_game_458c8e80-3069-48ab-bb3d-8d291b88c58a.json,nvidia/nemotron-3-nano-30b-a3b:free; google/gemini-3-flash-preview,None,40,150,12,16,0.0958,623.9
46c84a36-0e4d-49d1-b6a9-0cdd4f5baec3,snake_game_46c84a36-0e4d-49d1-b6a9-0cdd4f5baec3.json,google/gemini-3-flash-preview; openai/gpt-5.1-codex-mini,None,41,150,12,23,0.1945,366.0
47975218-9cc8-4a56-b293-6ce9072ccf1c,snake_game_47975218-9cc8-4a56-b293-6ce9072ccf1c.json,nvidia/nemotron-3-nano-30b-a3b:free; kwaipilot/kat-coder-pro:free,None,48,150,15,23,0.0000,866.9
47b594d7-e72a-45bc-b0b9-2d0f3d6e4ddc,snake_game_47b594d7-e72a-45bc-b0b9-2d0f3d6e4ddc.json,deepseek/deepseek-v3.1-terminus; x-ai/grok-code-fast-1,None,36,150,13,22,0.2573,1301.0
4837622d-32c1-4bf3-a4e3-30930d8832cf,snake_game_4837622d-32c1-4bf3-a4e3-30930d8832cf.json,allenai/olmo-3-32b-think:free; nvidia/nemotron-3-nano-30b-a3b:free,None,25,150,9,12,0.0000,3216.6
4851fd4b-319a-416f-a6b5-a53754728005,snake_game_4851fd4b-319a-416f-a6b5-a53754728005.json,nvidia/nemotron-3-nano-30b-a3b:free; deepseek/deepseek-v3.2,None,8,150,3,4,0.0391,385.1
49b7661e-95cb-4d0f-aecc-06024803f608,snake_game_49b7661e-95cb-4d0f-aecc-06024803f608.json,deepseek/deepseek-chat-v3.1; kwaipilot/kat-coder-pro:free,None,31,150,7,11,0.0197,769.5
4ac3d0b7-ac87-4ad6-a5d2-8a7a4e8aa280,snake_game_4ac3d0b7-ac87-4ad6-a5d2-8a7a4e8aa280.json,deepseek/deepseek-v3.2; z-ai/glm-4.7,None,41,150,11,21,0.8047,4332.7
4c6726e4-ce3f-4e37-bfa0-4e126338d24c,snake_game_4c6726e4-ce3f-4e37-bfa0-4e126338d24c.json,z-ai/glm-4.7; openai/gpt-5-mini,None,31,150,8,16,0.8352,2446.9
4c985f9a-86b0-49da-9d22-be53d23b827d,snake_game_4c985f9a-86b0-49da-9d22-be53d23b827d.json,x-ai/grok-code-fast-1; deepseek/deepseek-v3.1-terminus,None,54,150,13,22,0.3705,2037.3
4ddb189d-2e40-427e-b75c-7bf3b48861de,snake_game_4ddb189d-2e40-427e-b75c-7bf3b48861de.json,nvidia/nemotron-nano-12b-v2-vl; z-ai/glm-4.6v,None,6,150,1,1,0.0210,649.9
507301b5-1215-49bc-9221-1b679a39f6ad,snake_game_507301b5-1215-49bc-9221-1b679a39f6ad.json,z-ai/glm-4.7; openai/gpt-5-nano,None,35,150,8,16,0.5593,6154.3
511168cc-be38-4862-ac46-0f05f138b196,snake_game_511168cc-be38-4862-ac46-0f05f138b196.json,nvidia/nemotron-3-nano-30b-a3b:free; kwaipilot/kat-coder-pro:free,None,45,150,13,22,0.0000,809.5
515c54bb-863d-4b05-bd96-c28db3ccd53b,snake_game_515c54bb-863d-4b05-bd96-c28db3ccd53b.json,deepseek/deepseek-v3.1-terminus; moonshotai/kimi-k2-thinking,None,10,150,4,7,0.1429,894.4
5161ebcc-2e8d-469f-8eda-e9d8ec7dda07,snake_game_5161ebcc-2e8d-469f-8eda-e9d8ec7dda07.json,xiaomi/mimo-v2-flash:free; deepseek/deepseek-v3.2-exp,None,42,150,7,14,0.0000,3008.0
5397c8f2-e06f-4366-89fc-728a8c8356c8,snake_game_5397c8f2-e06f-4366-89fc-728a8c8356c8.json,z-ai/glm-4.6v; nvidia/nemotron-nano-12b-v2-vl,None,20,150,5,9,0.0420,1813.3
542cb0d4-63c9-4dec-8dff-a1dac6e12613,snake_game_542cb0d4-63c9-4dec-8dff-a1dac6e12613.json,anthropic/claude-haiku-4.5; google/gemini-3-flash-preview,None,25,150,8,16,0.1752,184.0
54603995-e63d-4205-9d93-a3ff9078899b,snake_game_54603995-e63d-4205-9d93-a3ff9078899b.json,deepseek/deepseek-v3.1-terminus; z-ai/glm-4.6v,None,39,150,11,17,0.1297,1664.5
556a9043-9535-44bc-a853-e3009d876486,snake_game_556a9043-9535-44bc-a853-e3009d876486.json,mistralai/devstral-2512:free; nvidia/nemotron-3-nano-30b-a3b:free,None,43,150,12,22,0.0000,599.5
567f46c1-070f-420b-bec7-2e6a8ae9b79f,snake_game_567f46c1-070f-420b-bec7-2e6a8ae9b79f.json,google/gemini-3-flash-preview; z-ai/glm-4.6v,None,22,150,6,11,0.0931,548.8
58878105-0939-47fa-9df9-bca5431ad560,snake_game_58878105-0939-47fa-9df9-bca5431ad560.json,x-ai/grok-4-fast; qwen/qwen3-coder:free,None,27,150,7,10,0.0000,849.3
5a632478-e6c5-45df-9f6e-c5981f1eb66e,snake_game_5a632478-e6c5-45df-9f6e-c5981f1eb66e.json,kwaipilot/kat-coder-pro:free; google/gemini-3-flash-preview,None,93,150,21,33,0.2091,1272.5
5bcf7afd-6d87-41c9-9c03-c2115007128c,snake_game_5bcf7afd-6d87-41c9-9c03-c2115007128c.json,google/gemini-3-flash-preview; x-ai/grok-code-fast-1,None,51,150,16,26,0.3929,1454.7
5ceca3fb-7896-4937-92a2-30a7938d7c7f,snake_game_5ceca3fb-7896-4937-92a2-30a7938d7c7f.json,google/gemini-3-flash-preview; nvidia/nemotron-3-nano-30b-a3b:free,None,53,150,14,22,0.1208,1858.2
5ceefc4a-b586-4322-a06c-02d722762f35,snake_game_5ceefc4a-b586-4322-a06c-02d722762f35.json,nvidia/nemotron-3-nano-30b-a3b:free; kwaipilot/kat-coder-pro:free,None,28,150,7,11,0.0000,454.1
5d4e90fe-3927-4b7c-b47a-5ce90d738f31,snake_game_5d4e90fe-3927-4b7c-b47a-5ce90d738f31.json,google/gemini-2.5-flash-lite-preview-09-2025; google/gemini-3-flash-preview,None,7,150,1,2,0.0292,71.5
5da0327b-6c26-42cc-a2ce-9bb2dcc25ffc,snake_game_5da0327b-6c26-42cc-a2ce-9bb2dcc25ffc.json,nvidia/nemotron-nano-12b-v2-vl; z-ai/glm-4.6v,None,1,150,0,0,0.0017,71.4
5dc327cc-2485-4e19-b421-d1aacedf76be,snake_game_5dc327cc-2485-4e19-b421-d1aacedf76be.json,deepseek/deepseek-v3.2-exp; openai/gpt-4.1-nano,None,18,150,4,6,0.0000,1018.2
5e3e669b-f359-4815-a6de-7e087f6d45ac,snake_game_5e3e669b-f359-4815-a6de-7e087f6d45ac.json,xiaomi/mimo-v2-flash:free; kwaipilot/kat-coder-pro:free,None,36,150,7,11,0.0000,501.8
5ea0adaa-343b-4579-b9bd-742db3754f37,snake_game_5ea0adaa-343b-4579-b9bd-742db3754f37.json,x-ai/grok-4-fast; x-ai/grok-4.1-fast,None,50,150,15,24,0.1148,2262.7
613d649c-618b-403a-a878-e130c1d8b3e6,snake_game_613d649c-618b-403a-a878-e130c1d8b3e6.json,xiaomi/mimo-v2-flash:free; nvidia/nemotron-3-nano-30b-a3b:free,None,41,150,10,18,0.0000,829.3
62ec3084-8c80-4dfa-8177-5a0caba13fc7,snake_game_62ec3084-8c80-4dfa-8177-5a0caba13fc7.json,kwaipilot/kat-coder-pro:free; allenai/olmo-3-32b-think:free,None,28,150,6,12,0.0000,3551.0
6386fc84-e259-4c14-a1db-668db7f0149c,snake_game_6386fc84-e259-4c14-a1db-668db7f0149c.json,kwaipilot/kat-coder-pro:free; nvidia/nemotron-3-nano-30b-a3b:free,None,22,150,6,11,0.0000,398.8
65ef31aa-17a0-41b8-8b23-0e3d4e52ad76,snake_game_65ef31aa-17a0-41b8-8b23-0e3d4e52ad76.json,xiaomi/mimo-v2-flash:free; google/gemini-3-flash-preview,None,22,150,6,11,0.0479,177.2
66768fc7-4eb1-4f71-a411-b019db46276c,snake_game_66768fc7-4eb1-4f71-a411-b019db46276c.json,nvidia/nemotron-3-nano-30b-a3b:free; xiaomi/mimo-v2-flash:free,None,36,150,10,18,0.0000,1308.9
671f5909-82f8-48bb-b468-c818d098ae9c,snake_game_671f5909-82f8-48bb-b468-c818d098ae9c.json,deepseek/deepseek-chat-v3.1; google/gemini-3-flash-preview,None,31,150,8,16,0.0958,1038.9
687a7af7-ebfc-47d4-8ed3-fb4d7fb6f74f,snake_game_687a7af7-ebfc-47d4-8ed3-fb4d7fb6f74f.json,google/gemini-2.5-flash-preview-09-2025; google/gemini-3-pro-preview,None,35,150,9,18,3.0660,2150.4
6892b7e4-46da-4557-a6c3-eaf13754fafb,snake_game_6892b7e4-46da-4557-a6c3-eaf13754fafb.json,xiaomi/mimo-v2-flash:free; arcee-ai/trinity-mini:free,None,17,150,4,8,0.0000,1414.3
69188379-0fc5-42ad-8a92-e136f227c746,snake_game_69188379-0fc5-42ad-8a92-e136f227c746.json,xiaomi/mimo-v2-flash:free; nvidia/nemotron-3-nano-30b-a3b:free,None,15,150,3,6,0.0000,371.1
70c99628-0ac8-4b66-aafb-6f5602664814,snake_game_70c99628-0ac8-4b66-aafb-6f5602664814.json,google/gemini-3-flash-preview; moonshotai/kimi-k2-thinking,None,11,150,3,5,0.1938,2032.9
76063cbf-a530-4246-85b2-246f79e2f3ce,snake_game_76063cbf-a530-4246-85b2-246f79e2f3ce.json,x-ai/grok-4.1-fast; google/gemini-3-flash-preview,None,22,150,6,12,0.0982,800.8
76c80398-9077-422f-b449-6064da256b4f,snake_game_76c80398-9077-422f-b449-6064da256b4f.json,xiaomi/mimo-v2-flash:free; openai/gpt-5-nano,None,3,150,1,2,0.0047,80.4
76ef255e-9ecc-4964-9921-ff744fa53215,snake_game_76ef255e-9ecc-4964-9921-ff744fa53215.json,nvidia/nemotron-3-nano-30b-a3b:free; openai/gpt-5-nano,None,13,150,3,5,0.0218,396.8
76f21ae0-124e-4141-bdf8-c3c8150be437,snake_game_76f21ae0-124e-4141-bdf8-c3c8150be437.json,kwaipilot/kat-coder-pro:free; allenai/olmo-3-32b-think:free,None,37,150,9,16,0.0000,4041.1
775c68a1-0067-440b-b58b-53ca655dd5a3,snake_game_775c68a1-0067-440b-b58b-53ca655dd5a3.json,x-ai/grok-code-fast-1; qwen/qwen3-coder:free,None,27,150,8,9,0.1188,745.4
79690be9-b9e2-40cc-a9cc-aad6b7091bff,snake_game_79690be9-b9e2-40cc-a9cc-aad6b7091bff.json,mistralai/devstral-2512:free; xiaomi/mimo-v2-flash:free,None,60,150,14,25,0.0000,730.0
799aa97e-aa09-4761-993f-e27794e4cce2,snake_game_799aa97e-aa09-4761-993f-e27794e4cce2.json,nvidia/nemotron-3-nano-30b-a3b:free; openai/gpt-4.1-nano,None,10,150,4,5,0.0000,130.5
79ab68b1-7b39-4ff0-ae56-274b10d76fb0,snake_game_79ab68b1-7b39-4ff0-ae56-274b10d76fb0.json,mistralai/devstral-2512:free; xiaomi/mimo-v2-flash:free,None,25,150,7,13,0.0000,295.3
7a8ce412-e9f3-43bd-98f9-c777469e9427,snake_game_7a8ce412-e9f3-43bd-98f9-c777469e9427.json,xiaomi/mimo-v2-flash:free; kwaipilot/kat-coder-pro:free,None,17,150,3,6,0.0000,374.2
7ae4462c-0538-4f2d-94bd-b6851a86ddf9,snake_game_7ae4462c-0538-4f2d-94bd-b6851a86ddf9.json,mistralai/devstral-2512:free; kwaipilot/kat-coder-pro:free,None,30,150,6,12,0.0000,243.6
7b7ef1d4-cbf0-467e-b88f-d6e3b91a4a52,snake_game_7b7ef1d4-cbf0-467e-b88f-d6e3b91a4a52.json,bytedance-seed/seed-1.6; google/gemini-3-flash-preview,None,25,150,7,10,0.5270,1442.7
7bf53b11-960e-430c-b079-16cc7812737c,snake_game_7bf53b11-960e-430c-b079-16cc7812737c.json,xiaomi/mimo-v2-flash:free; allenai/olmo-3-32b-think:free,None,12,150,4,6,0.0000,1359.9
7ca70187-9da8-4264-9850-786a4649659c,snake_game_7ca70187-9da8-4264-9850-786a4649659c.json,google/gemini-3-flash-preview; deepseek/deepseek-v3.2-exp,None,21,150,5,8,0.0467,709.1
807680c4-b6a3-452d-9b66-998d8dbd2217,snake_game_807680c4-b6a3-452d-9b66-998d8dbd2217.json,z-ai/glm-4.6v; google/gemini-3-flash-preview,None,48,150,12,19,0.1774,1195.5
80af09a8-00d4-4916-bded-6dde96a63192,snake_game_80af09a8-00d4-4916-bded-6dde96a63192.json,bytedance-seed/seed-1.6-flash; google/gemini-2.5-flash-lite-preview-09-2025,None,10,150,2,3,0.0479,180.5
83f58f42-ef49-43d1-a03f-da82f289e1a5,snake_game_83f58f42-ef49-43d1-a03f-da82f289e1a5.json,moonshotai/kimi-k2-thinking; nvidia/nemotron-nano-12b-v2-vl,None,15,150,2,4,0.2305,2419.3
878f16b0-ba2a-4a9b-a618-df8b78427125,snake_game_878f16b0-ba2a-4a9b-a618-df8b78427125.json,kwaipilot/kat-coder-pro:free; nvidia/nemotron-3-nano-30b-a3b:free,None,26,150,4,8,0.0000,486.3
87c5b5a5-9254-4b58-94bd-8b506596518f,snake_game_87c5b5a5-9254-4b58-94bd-8b506596518f.json,allenai/olmo-3-32b-think:free; mistralai/devstral-2512:free,None,4,150,0,0,0.0000,452.6
88ba51ed-a201-4e34-9768-bcd4556da959,snake_game_88ba51ed-a201-4e34-9768-bcd4556da959.json,mistralai/devstral-2512:free; google/gemini-3-flash-preview,None,34,150,10,19,0.0726,157.2
89116874-d359-4c38-88ae-849ad2507ceb,snake_game_89116874-d359-4c38-88ae-849ad2507ceb.json,google/gemini-2.5-flash-preview-09-2025; x-ai/grok-4.1-fast,None,48,150,12,22,0.8707,1408.9
8a3b8446-b69a-41e2-83c9-131ddcf6dc39,snake_game_8a3b8446-b69a-41e2-83c9-131ddcf6dc39.json,bytedance-seed/seed-1.6-flash; minimax/minimax-m2.1,None,10,150,5,7,0.0811,317.1
8a9a61b6-b708-4170-aef0-0f067c768bdf,snake_game_8a9a61b6-b708-4170-aef0-0f067c768bdf.json,bytedance-seed/seed-1.6-flash; z-ai/glm-4.7,None,22,150,6,10,0.3078,1492.1
8d1c8048-11d3-498d-8106-863a7a743083,snake_game_8d1c8048-11d3-498d-8106-863a7a743083.json,nvidia/nemotron-3-nano-30b-a3b:free; xiaomi/mimo-v2-flash:free,None,24,150,6,9,0.0000,464.2
8e8ad6f3-3e81-4d7d-99b6-e0c670d0e541,snake_game_8e8ad6f3-3e81-4d7d-99b6-e0c670d0e541.json,allenai/olmo-3-32b-think:free; xiaomi/mimo-v2-flash:free,None,27,150,11,16,0.0000,2850.0
90eda065-2a00-48cf-a44a-145abf00fe43,snake_game_90eda065-2a00-48cf-a44a-145abf00fe43.json,x-ai/grok-4-fast; qwen/qwen3-coder:free,None,33,150,11,12,0.0000,930.8
919ac379-47a0-49c4-8ff3-9bf62fc9f3f7,snake_game_919ac379-47a0-49c4-8ff3-9bf62fc9f3f7.json,google/gemini-3-flash-preview; allenai/olmo-3-32b-think:free,None,38,150,9,16,0.0868,4906.8
920d06a1-afdf-471e-9ed8-2a533b1e728a,snake_game_920d06a1-afdf-471e-9ed8-2a533b1e728a.json,mistralai/devstral-2512:free; xiaomi/mimo-v2-flash:free,None,42,150,10,15,0.0000,555.0
93150809-d5dd-4a92-bf4d-279686152745,snake_game_93150809-d5dd-4a92-bf4d-279686152745.json,x-ai/grok-code-fast-1; google/gemini-3-flash-preview,None,11,150,4,6,0.0792,316.2
9368472a-7f8f-4856-83bf-4b4a10e0bf58,snake_game_9368472a-7f8f-4856-83bf-4b4a10e0bf58.json,kwaipilot/kat-coder-pro:free; xiaomi/mimo-v2-flash:free,None,3,150,1,1,0.0000,32.1
94d7fc1a-7d54-4c94-85e2-da9e1d94acea,snake_game_94d7fc1a-7d54-4c94-85e2-da9e1d94acea.json,mistralai/devstral-2512:free; kwaipilot/kat-coder-pro:free,None,13,150,4,6,0.0000,143.1
96062c16-7a04-4860-8752-f93de6f491cb,snake_game_96062c16-7a04-4860-8752-f93de6f491cb.json,google/gemini-3-flash-preview; google/gemini-2.5-flash-preview-09-2025,None,27,150,7,14,0.1691,158.6
96b3695c-8bc8-4710-8e3a-d3b1ac3b985d,snake_game_96b3695c-8bc8-4710-8e3a-d3b1ac3b985d.json,allenai/olmo-3-32b-think:free; xiaomi/mimo-v2-flash:free,None,34,150,8,13,0.0000,3581.9
96eec72c-1db9-4a48-9b38-c4f07c87aa14,snake_game_96eec72c-1db9-4a48-9b38-c4f07c87aa14.json,nvidia/nemotron-nano-9b-v2; openai/gpt-4.1-nano,None,23,150,6,11,0.0245,930.7
9a2b033f-7620-47a2-85a1-6abfd50deeb2,snake_game_9a2b033f-7620-47a2-85a1-6abfd50deeb2.json,allenai/olmo-3-32b-think:free; mistralai/devstral-2512:free,None,34,150,7,13,0.0000,4381.1
9b4b2937-968a-4c85-8282-5c6f505252ce,snake_game_9b4b2937-968a-4c85-8282-5c6f505252ce.json,kwaipilot/kat-coder-pro:free; x-ai/grok-4-fast,None,10,150,1,2,0.0000,746.1
9ff12d10-fe5c-4f56-9bb6-c1e3af861b4e,snake_game_9ff12d10-fe5c-4f56-9bb6-c1e3af861b4e.json,deepseek/deepseek-v3.2; google/gemini-3-flash-preview,None,22,150,8,13,0.0724,589.8
a26d1bdb-e0a0-4edc-8c78-a1c3d404d46b,snake_game_a26d1bdb-e0a0-4edc-8c78-a1c3d404d46b.json,xiaomi/mimo-v2-flash:free; allenai/olmo-3-32b-think:free,None,47,150,14,19,0.0000,5615.2
a2e9b679-04e3-4d07-b59a-ba62d8e834b2,snake_game_a2e9b679-04e3-4d07-b59a-ba62d8e834b2.json,anthropic/claude-haiku-4.5; openai/gpt-5-mini,None,87,150,23,42,0.9257,3070.6
a3f0a2ba-7031-432f-87de-b57cab4623f3,snake_game_a3f0a2ba-7031-432f-87de-b57cab4623f3.json,openai/gpt-5.1-codex-mini; openai/gpt-5-nano,None,90,150,21,41,0.4245,2879.1
a53b215e-efc1-4a0c-98ec-fdebe11267d7,snake_game_a53b215e-efc1-4a0c-98ec-fdebe11267d7.json,mistralai/devstral-2512:free; nvidia/nemotron-3-nano-30b-a3b:free,None,24,150,5,8,0.0000,382.1
ab015c49-6bc3-4fcd-b0e0-0163b742aa80,snake_game_ab015c49-6bc3-4fcd-b0e0-0163b742aa80.json,xiaomi/mimo-v2-flash:free; z-ai/glm-4.7,None,6,150,1,1,0.0730,503.6
ab5a43f0-1a34-4597-9c84-ec916aae88f1,snake_game_ab5a43f0-1a34-4597-9c84-ec916aae88f1.json,xiaomi/mimo-v2-flash:free; kwaipilot/kat-coder-pro:free,None,52,150,17,25,0.0000,868.3
aba1070d-354a-4aa5-a4a1-28bb6744916e,snake_game_aba1070d-354a-4aa5-a4a1-28bb6744916e.json,allenai/olmo-3-32b-think:free; xiaomi/mimo-v2-flash:free,None,12,150,2,4,0.0000,1489.5
ad024eb8-805b-43b7-b946-fcf42bab551f,snake_game_ad024eb8-805b-43b7-b946-fcf42bab551f.json,nvidia/nemotron-3-nano-30b-a3b:free; xiaomi/mimo-v2-flash:free,None,45,150,12,19,0.0000,1016.6
ad84c803-af65-4bf1-aae6-cf4ea8f45889,snake_game_ad84c803-af65-4bf1-aae6-cf4ea8f45889.json,allenai/olmo-3-32b-think:free; xiaomi/mimo-v2-flash:free,None,4,150,2,2,0.0000,487.6
adec3f92-c833-47bc-b7e3-fbc077adbb8b,snake_game_adec3f92-c833-47bc-b7e3-fbc077adbb8b.json,nvidia/nemotron-3-nano-30b-a3b:free; deepseek/deepseek-v3.2,None,20,150,4,7,0.0766,591.5
ae9614b7-e783-4a47-a783-399066962d61,snake_game_ae9614b7-e783-4a47-a783-399066962d61.json,x-ai/grok-4-fast; nvidia/nemotron-nano-12b-v2-vl,None,6,150,3,4,0.0000,467.0
b043dd2b-4e84-4769-a9d8-46b7cf25abf3,snake_game_b043dd2b-4e84-4769-a9d8-46b7cf25abf3.json,kwaipilot/kat-coder-pro:free; google/gemini-3-flash-preview,None,23,150,7,11,0.0446,1319.5
b12b8ee7-4de8-49df-9539-5366f03bce0c,snake_game_b12b8ee7-4de8-49df-9539-5366f03bce0c.json,nvidia/nemotron-3-nano-30b-a3b:free; mistralai/devstral-2512:free,None,26,150,6,10,0.0000,552.8
b239d82c-8870-405c-8ff3-82b6492d50f3,snake_game_b239d82c-8870-405c-8ff3-82b6492d50f3.json,mistralai/devstral-2512:free; kwaipilot/kat-coder-pro:free,None,14,150,3,6,0.0000,120.6
b2431215-1552-4ea9-8ae2-e734056e7ec2,snake_game_b2431215-1552-4ea9-8ae2-e734056e7ec2.json,google/gemini-2.5-flash-preview-09-2025; deepseek/deepseek-v3.2,None,43,150,11,22,0.8029,1843.6
b2b3d9d9-c6f0-4e96-8fe5-9ad122ec6f0b,snake_game_b2b3d9d9-c6f0-4e96-8fe5-9ad122ec6f0b.json,google/gemini-3-flash-preview; anthropic/claude-haiku-4.5,None,14,150,4,7,0.0986,99.9
b3af09dd-0156-4376-a895-520c574160ff,snake_game_b3af09dd-0156-4376-a895-520c574160ff.json,deepseek/deepseek-v3.1-terminus; x-ai/grok-code-fast-1,None,21,150,9,15,0.1372,1048.4
b4d36d83-d5b7-4898-b8ff-40784c00daa8,snake_game_b4d36d83-d5b7-4898-b8ff-40784c00daa8.json,nvidia/nemotron-3-nano-30b-a3b:free; mistralai/devstral-2512:free,None,9,150,2,3,0.0000,193.9
b5ac0a3e-2bad-48cb-b7b5-a2e0b5be2fdb,snake_game_b5ac0a3e-2bad-48cb-b7b5-a2e0b5be2fdb.json,mistralai/devstral-2512:free; kwaipilot/kat-coder-pro:free,None,41,150,13,19,0.0000,2428.5
b62ceac8-e701-4f9c-a090-87c0e6d9740e,snake_game_b62ceac8-e701-4f9c-a090-87c0e6d9740e.json,kwaipilot/kat-coder-pro:free; mistralai/devstral-2512:free,None,22,150,3,6,0.0000,212.4
b696585c-1aac-45c7-8ce0-0ea83d4e342a,snake_game_b696585c-1aac-45c7-8ce0-0ea83d4e342a.json,deepseek/deepseek-v3.2; minimax/minimax-m2.1,None,44,150,12,16,0.5113,1878.7
b6b5f385-df63-4b9c-a502-84691f2351b5,snake_game_b6b5f385-df63-4b9c-a502-84691f2351b5.json,xiaomi/mimo-v2-flash:free; kwaipilot/kat-coder-pro:free,None,28,150,8,13,0.0000,442.6
bbc30f41-6c9b-4c6f-8d28-72fafcb626a1,snake_game_bbc30f41-6c9b-4c6f-8d28-72fafcb626a1.json,kwaipilot/kat-coder-pro:free; nvidia/nemotron-3-nano-30b-a3b:free,None,39,150,12,23,0.0000,662.2
bbf225c6-9de5-45e1-9332-43b0dcf47282,snake_game_bbf225c6-9de5-45e1-9332-43b0dcf47282.json,mistralai/devstral-2512:free; xiaomi/mimo-v2-flash:free,None,5,150,1,2,0.0000,40.6
bcaa5208-3b93-4295-9756-9649baee604d,snake_game_bcaa5208-3b93-4295-9756-9649baee604d.json,openai/gpt-5.1-codex-mini; google/gemini-3-flash-preview,None,46,150,13,20,0.2350,534.9
bcc2b7c7-c697-4c38-bd3c-f8a11cb81bee,snake_game_bcc2b7c7-c697-4c38-bd3c-f8a11cb81bee.json,z-ai/glm-4.7; minimax/minimax-m2.1,None,4,150,2,3,0.0642,309.1
bdf50c72-1bbe-4a9e-bf72-85199979540c,snake_game_bdf50c72-1bbe-4a9e-bf72-85199979540c.json,z-ai/glm-4.7; bytedance-seed/seed-1.6-flash,None,14,150,5,7,0.2286,1223.7
beb21f52-8ed2-421f-bf96-7ab3d9626ba8,snake_game_beb21f52-8ed2-421f-bf96-7ab3d9626ba8.json,google/gemini-3-flash-preview; xiaomi/mimo-v2-flash:free,None,34,150,12,21,0.0766,1128.1
c0ca285d-0685-4747-85ea-2900e76dcd4d,snake_game_c0ca285d-0685-4747-85ea-2900e76dcd4d.json,google/gemini-3-flash-preview; xiaomi/mimo-v2-flash:free,None,39,150,14,18,0.0934,609.0
c1e75848-21b3-42ae-bf74-fbc2eb958239,snake_game_c1e75848-21b3-42ae-bf74-fbc2eb958239.json,bytedance-seed/seed-1.6; deepseek/deepseek-v3.2-exp,None,30,150,9,14,0.2963,2309.2
c2481fea-ee0d-4bce-8369-953e0d2616a9,snake_game_c2481fea-ee0d-4bce-8369-953e0d2616a9.json,google/gemini-3-flash-preview; kwaipilot/kat-coder-pro:free,None,23,150,7,13,0.0514,194.0
c24b51af-b3f4-49cf-9636-33227a2bf116,snake_game_c24b51af-b3f4-49cf-9636-33227a2bf116.json,deepseek/deepseek-v3.1-terminus; x-ai/grok-code-fast-1,None,67,150,20,30,0.4647,2655.9
c33bc5f5-0282-4de6-b5a3-bd2313c1f4bf,snake_game_c33bc5f5-0282-4de6-b5a3-bd2313c1f4bf.json,x-ai/grok-4.1-fast; google/gemini-3-flash-preview,None,60,150,17,30,0.2857,1955.3
c3637c04-8bc7-458b-a239-3d95d13ce3cb,snake_game_c3637c04-8bc7-458b-a239-3d95d13ce3cb.json,allenai/olmo-3-32b-think:free; google/gemini-3-flash-preview,None,50,150,17,26,0.1262,6381.3
c38a86aa-16ad-4014-891b-eee5d26176bd,snake_game_c38a86aa-16ad-4014-891b-eee5d26176bd.json,deepseek/deepseek-v3.2; google/gemini-3-flash-preview,None,67,150,14,26,0.2015,2127.0
c42cedcd-115b-45d0-a664-8fcbbb153669,snake_game_c42cedcd-115b-45d0-a664-8fcbbb153669.json,xiaomi/mimo-v2-flash:free; mistralai/devstral-2512:free,None,8,150,1,2,0.0000,189.5
c4d90637-6cd4-4c69-b3d0-7452e60b4ede,snake_game_c4d90637-6cd4-4c69-b3d0-7452e60b4ede.json,xiaomi/mimo-v2-flash:free; mistralai/devstral-2512:free,None,31,150,8,12,0.0000,565.7
c5102b75-6f21-4b32-b558-787adb12fea4,snake_game_c5102b75-6f21-4b32-b558-787adb12fea4.json,google/gemini-3-flash-preview; openai/gpt-5-nano,None,81,150,21,40,0.3443,3467.7
c56112f1-7ecc-49e2-840e-7a0f86c9a158,snake_game_c56112f1-7ecc-49e2-840e-7a0f86c9a158.json,deepseek/deepseek-v3.1-terminus; z-ai/glm-4.6v,None,15,150,4,7,0.0394,639.2
c569c462-3c37-4a92-bbdb-5e80662e373c,snake_game_c569c462-3c37-4a92-bbdb-5e80662e373c.json,qwen/qwen3-coder:free; moonshotai/kimi-k2-thinking,None,1,150,0,0,0.0079,277.4
c575913f-0d86-4957-a062-a8b89f761e9e,snake_game_c575913f-0d86-4957-a062-a8b89f761e9e.json,google/gemini-3-flash-preview; google/gemini-2.5-flash-lite-preview-09-2025,None,26,150,8,15,0.0815,127.2
c5891880-96ad-4ae9-a709-2c0da3bf5ebd,snake_game_c5891880-96ad-4ae9-a709-2c0da3bf5ebd.json,bytedance-seed/seed-1.6; x-ai/grok-4.1-fast,None,35,150,9,17,0.4317,2238.7
c5a2770a-382d-431e-9818-ecbe1bd3082c,snake_game_c5a2770a-382d-431e-9818-ecbe1bd3082c.json,kwaipilot/kat-coder-pro:free; allenai/olmo-3-32b-think:free,None,1,150,0,0,0.0000,72.7
c5ef9a83-bc47-4b9b-9339-c58fa99da76d,snake_game_c5ef9a83-bc47-4b9b-9339-c58fa99da76d.json,kwaipilot/kat-coder-pro:free; xiaomi/mimo-v2-flash:free,None,28,150,6,11,0.0000,330.9
c6160916-ee1a-47ee-b5cd-4788ac6664fb,snake_game_c6160916-ee1a-47ee-b5cd-4788ac6664fb.json,allenai/olmo-3-32b-think:free; kwaipilot/kat-coder-pro:free,None,5,150,1,2,0.0000,579.1
c7040997-f36b-44ba-8969-0bdc0ef3d13e,snake_game_c7040997-f36b-44ba-8969-0bdc0ef3d13e.json,anthropic/claude-haiku-4.5; openai/gpt-5.1-codex-mini,None,21,150,3,6,0.1539,251.0
c76315a5-fb74-4e52-9e9c-114cb37decae,snake_game_c76315a5-fb74-4e52-9e9c-114cb37decae.json,xiaomi/mimo-v2-flash:free; nvidia/nemotron-3-nano-30b-a3b:free,None,43,150,9,16,0.0000,874.3
c85664d4-d344-4f91-a527-09c33eb0caf7,snake_game_c85664d4-d344-4f91-a527-09c33eb0caf7.json,nvidia/nemotron-3-nano-30b-a3b:free; allenai/olmo-3-32b-think:free,None,47,150,16,21,0.0000,5864.2
c9a61698-c22d-472f-90f5-068e84ac6e2c,snake_game_c9a61698-c22d-472f-90f5-068e84ac6e2c.json,xiaomi/mimo-v2-flash:free; nex-agi/deepseek-v3.1-nex-n1:free,None,18,150,4,4,0.0000,122.1
ca3c9472-a108-47ae-8422-254e0f33cf5c,snake_game_ca3c9472-a108-47ae-8422-254e0f33cf5c.json,kwaipilot/kat-coder-pro:free; xiaomi/mimo-v2-flash:free,None,38,150,12,19,0.0000,567.2
caf0fd94-3e86-4a62-bcb4-b138e9d7ba41,snake_game_caf0fd94-3e86-4a62-bcb4-b138e9d7ba41.json,deepseek/deepseek-v3.1-terminus; x-ai/grok-4.1-fast,None,48,150,11,20,0.1584,1901.5
cbb4bc85-5970-4f9e-9335-914e6e3f1091,snake_game_cbb4bc85-5970-4f9e-9335-914e6e3f1091.json,nvidia/nemotron-3-nano-30b-a3b:free; openai/gpt-5.1-codex-mini,None,53,150,11,21,0.1177,745.8
cc53cf3b-ff2b-4d0e-8fc4-827261cbebd5,snake_game_cc53cf3b-ff2b-4d0e-8fc4-827261cbebd5.json,google/gemini-3-flash-preview; mistralai/ministral-8b-2512,None,24,150,7,11,0.0666,173.6
cdb63849-9ad8-48f0-8548-ae8fb4e80953,snake_game_cdb63849-9ad8-48f0-8548-ae8fb4e80953.json,kwaipilot/kat-coder-pro:free; xiaomi/mimo-v2-flash:free,None,88,150,18,34,0.0000,1574.1
cf4e53be-0033-401b-9058-b425880812ef,snake_game_cf4e53be-0033-401b-9058-b425880812ef.json,z-ai/glm-4.7; deepseek/deepseek-v3.1-terminus,None,32,150,6,10,0.5648,3994.8
d1877e7e-b30b-4eed-a2f3-8a33297031d1,snake_game_d1877e7e-b30b-4eed-a2f3-8a33297031d1.json,kwaipilot/kat-coder-pro:free; mistralai/devstral-2512:free,None,39,150,13,20,0.0000,464.1
d1ad9dfd-1c12-4103-833c-bc924f7a7d67,snake_game_d1ad9dfd-1c12-4103-833c-bc924f7a7d67.json,openai/gpt-5.1-codex-mini; xiaomi/mimo-v2-flash:free,None,26,150,5,8,0.0552,371.1
d1e73d31-bb35-4df5-8795-29c695bfef32,snake_game_d1e73d31-bb35-4df5-8795-29c695bfef32.json,xiaomi/mimo-v2-flash:free; nvidia/nemotron-3-nano-30b-a3b:free,None,29,150,7,13,0.0000,590.0
d22f3787-5673-4f6d-abc8-9fe5a47de369,snake_game_d22f3787-5673-4f6d-abc8-9fe5a47de369.json,x-ai/grok-4-fast; google/gemini-3-flash-preview,None,91,150,25,48,0.2181,2110.7
d24ac1c2-d4eb-42f8-8064-11dab8cc705a,snake_game_d24ac1c2-d4eb-42f8-8064-11dab8cc705a.json,moonshotai/kimi-k2-thinking; google/gemini-3-flash-preview,None,63,150,18,32,1.6291,13379.7
d40d2d73-5343-440c-8e0e-cc5d20654c3b,snake_game_d40d2d73-5343-440c-8e0e-cc5d20654c3b.json,kwaipilot/kat-coder-pro:free; mistralai/devstral-2512:free,None,26,150,9,17,0.0000,267.6
d51f5e45-b148-4adc-b8e1-ab97ec34d8a0,snake_game_d51f5e45-b148-4adc-b8e1-ab97ec34d8a0.json,google/gemini-3-flash-preview; nvidia/nemotron-3-nano-30b-a3b:free,None,71,150,23,42,0.1930,1192.4
d5c62e72-84cc-462e-98d8-c7ac16560f79,snake_game_d5c62e72-84cc-462e-98d8-c7ac16560f79.json,bytedance-seed/seed-1.6; bytedance-seed/seed-1.6-flash,None,25,150,2,4,0.1817,1190.4
d62d0ecd-1329-492f-8c11-4922a06600a8,snake_game_d62d0ecd-1329-492f-8c11-4922a06600a8.json,nvidia/nemotron-3-nano-30b-a3b:free; xiaomi/mimo-v2-flash:free,None,13,150,6,9,0.0000,188.8
d652445e-ecdd-4028-85db-37dd48665226,snake_game_d652445e-ecdd-4028-85db-37dd48665226.json,nvidia/nemotron-3-nano-30b-a3b:free; mistralai/devstral-2512:free,None,51,150,13,23,0.0000,879.7
d7359bc5-e586-4c03-bb4b-8a5e7060b7d8,snake_game_d7359bc5-e586-4c03-bb4b-8a5e7060b7d8.json,openai/gpt-5-nano; xiaomi/mimo-v2-flash:free,None,35,150,9,17,0.0601,1776.6
dbd76452-fd75-44a6-8838-6ac21860fd76,snake_game_dbd76452-fd75-44a6-8838-6ac21860fd76.json,xiaomi/mimo-v2-flash:free; mistralai/devstral-2512:free,None,5,150,1,2,0.0000,31.7
dc5b1259-23f3-44f6-a1ca-f4abe56f5a74,snake_game_dc5b1259-23f3-44f6-a1ca-f4abe56f5a74.json,kwaipilot/kat-coder-pro:free; nex-agi/deepseek-v3.1-nex-n1:free,None,18,150,5,8,0.0000,392.7
dcc1a70c-222d-472e-a525-7682a9c771bb,snake_game_dcc1a70c-222d-472e-a525-7682a9c771bb.json,allenai/olmo-3-32b-think:free; kwaipilot/kat-coder-pro:free,None,38,150,9,16,0.0000,4334.3
dcfd8d7e-57f0-4086-b302-b1d87a447df6,snake_game_dcfd8d7e-57f0-4086-b302-b1d87a447df6.json,xiaomi/mimo-v2-flash:free; kwaipilot/kat-coder-pro:free,None,16,150,4,7,0.0000,146.7
de177765-55ed-4b93-9244-53b418624943,snake_game_de177765-55ed-4b93-9244-53b418624943.json,kwaipilot/kat-coder-pro:free; nvidia/nemotron-3-nano-30b-a3b:free,None,30,150,8,14,0.0000,555.0
dead50d3-b144-482d-b886-934d84b54d29,snake_game_dead50d3-b144-482d-b886-934d84b54d29.json,xiaomi/mimo-v2-flash:free; nvidia/nemotron-3-nano-30b-a3b:free,None,5,150,1,2,0.0000,118.9
df02057b-c961-4a34-8d45-5cfec920e32e,snake_game_df02057b-c961-4a34-8d45-5cfec920e32e.json,openai/gpt-5.1-codex-mini; openai/gpt-5-nano,None,86,150,24,42,0.3557,3416.4
df5ec973-d3c1-414e-9461-dfa7b9147902,snake_game_df5ec973-d3c1-414e-9461-dfa7b9147902.json,xiaomi/mimo-v2-flash:free; nvidia/nemotron-3-nano-30b-a3b:free,None,42,150,14,24,0.0000,803.4
e6991058-9920-4187-844e-f1f9c5cbb240,snake_game_e6991058-9920-4187-844e-f1f9c5cbb240.json,deepseek/deepseek-v3.2-exp; deepseek/deepseek-v3.1-terminus,None,27,150,6,11,0.1873,1733.5
e77dbfda-4cfa-4c1e-bc77-a02d65d3e8ce,snake_game_e77dbfda-4cfa-4c1e-bc77-a02d65d3e8ce.json,xiaomi/mimo-v2-flash:free; nvidia/nemotron-3-nano-30b-a3b:free,None,6,150,2,2,0.0000,107.7
e8122039-f8ca-4b1b-b0c1-0fdb55f99e40,snake_game_e8122039-f8ca-4b1b-b0c1-0fdb55f99e40.json,nvidia/nemotron-nano-12b-v2-vl:free; openai/gpt-4.1-nano,None,11,150,1,2,0.0000,1326.7
ec0fbfb2-e6dd-4afd-ae19-89b65e486ab5,snake_game_ec0fbfb2-e6dd-4afd-ae19-89b65e486ab5.json,qwen/qwen3-coder:free; moonshotai/kimi-k2-thinking,None,5,150,3,3,0.0853,488.5
eccce15d-43b6-4cfd-9b6f-f820f425d73e,snake_game_eccce15d-43b6-4cfd-9b6f-f820f425d73e.json,bytedance-seed/seed-1.6-flash; deepseek/deepseek-v3.1-terminus,None,31,150,6,11,0.1987,905.9
ed1e9897-57fa-4f6e-8b90-40d32b02a339,snake_game_ed1e9897-57fa-4f6e-8b90-40d32b02a339.json,nvidia/nemotron-3-nano-30b-a3b:free; kwaipilot/kat-coder-pro:free,None,1,150,0,0,0.0000,12.6
edc86360-dbcb-4c33-8ec1-1dbee1ac4b28,snake_game_edc86360-dbcb-4c33-8ec1-1dbee1ac4b28.json,deepseek/deepseek-v3.1-terminus; x-ai/grok-4-fast,None,3,150,1,1,0.0023,112.1
ef319e90-6b06-4745-89e6-7cb88d1f4e4b,snake_game_ef319e90-6b06-4745-89e6-7cb88d1f4e4b.json,deepseek/deepseek-v3.2-exp; openai/gpt-5-mini,None,76,150,18,32,0.2794,5080.4
ef3e59be-ed1e-438c-a3e1-ec15dc77d7fe,snake_game_ef3e59be-ed1e-438c-a3e1-ec15dc77d7fe.json,deepseek/deepseek-v3.2; xiaomi/mimo-v2-flash:free,None,42,150,10,19,0.0408,2160.8
f173b88c-318c-4d90-9ef4-14c6f50fc543,snake_game_f173b88c-318c-4d90-9ef4-14c6f50fc543.json,bytedance-seed/seed-1.6; minimax/minimax-m2.1,None,24,150,10,14,0.4416,1598.2
f1b8d1ab-5a62-410d-8e47-d52e27729eb6,snake_game_f1b8d1ab-5a62-410d-8e47-d52e27729eb6.json,deepseek/deepseek-v3.2-exp; openai/gpt-5-nano,None,77,150,15,30,0.1382,4807.8
f23ac0d8-4f4c-481a-a52b-70f78b19dbf5,snake_game_f23ac0d8-4f4c-481a-a52b-70f78b19dbf5.json,minimax/minimax-m2.1; openai/gpt-5-mini,None,27,150,5,9,0.3236,1214.1
f278f4d6-2d3c-4cab-bcf8-83503855618a,snake_game_f278f4d6-2d3c-4cab-bcf8-83503855618a.json,qwen/qwen3-coder:free; x-ai/grok-code-fast-1,None,19,150,3,4,0.0865,471.5
f4792168-4eaa-4cb7-b7ad-cc9607eb3e48,snake_game_f4792168-4eaa-4cb7-b7ad-cc9607eb3e48.json,xiaomi/mimo-v2-flash:free; nvidia/nemotron-3-nano-30b-a3b:free,None,8,150,2,3,0.0000,139.4
f6097ce5-8b6d-4cbe-9bd0-f3f14c6f9628,snake_game_f6097ce5-8b6d-4cbe-9bd0-f3f14c6f9628.json,z-ai/glm-4.6v; deepseek/deepseek-v3.1-terminus,None,35,150,6,12,0.1009,1193.0
f64626e7-e430-43c2-aa89-541eec18fd9c,snake_game_f64626e7-e430-43c2-aa89-541eec18fd9c.json,google/gemini-3-flash-preview; z-ai/glm-4.6v,None,3,150,2,2,0.0092,58.6
f701074c-823c-4cfc-ba21-716de7f7c639,snake_game_f701074c-823c-4cfc-ba21-716de7f7c639.json,z-ai/glm-4.7; google/gemini-2.5-flash-preview-09-2025,None,20,150,6,10,0.5041,2224.2
f7de8db4-6997-4ad5-a1bd-5900bea467a8,snake_game_f7de8db4-6997-4ad5-a1bd-5900bea467a8.json,nvidia/nemotron-3-nano-30b-a3b:free; mistralai/devstral-2512:free,None,27,150,10,18,0.0000,388.6
faf405ae-c94a-4172-ad75-62c28f198c79,snake_game_faf405ae-c94a-4172-ad75-62c28f198c79.json,nvidia/nemotron-3-nano-30b-a3b:free; kwaipilot/kat-coder-pro:free,None,14,150,4,8,0.0000,290.4
fc95a52a-ecbb-4332-868f-e0810e3afd26,snake_game_fc95a52a-ecbb-4332-868f-e0810e3afd26.json,google/gemini-3-flash-preview; openai/gpt-5.2,None,82,150,21,41,1.7895,1871.0
